record_id,partition
1,test
2,fit
3,fit
4,validation
5,fit
6,test
7,test
8,test
9,fit
10,fit
11,fit
12,fit
13,fit
14,validation
15,fit
16,fit
17,fit
18,fit
19,fit
20,fit
21,fit
22,fit
23,validation
24,fit
25,fit
26,validation
27,fit
28,fit
29,fit
30,fit
31,fit
32,fit
33,fit
34,test
35,fit
36,fit
37,fit
38,fit
39,fit
40,fit
41,fit
42,fit
43,fit
44,fit
45,fit
46,test
47,test
48,fit
49,validation
50,fit
51,fit
52,validation
53,fit
54,test
55,fit
56,validation
57,test
58,fit
59,fit
60,fit
61,fit
62,fit
63,validation
64,fit
65,test
66,fit
67,fit
68,test
69,validation
70,fit
71,test
72,fit
73,fit
74,fit
75,fit
76,test
77,fit
78,test
79,test
80,fit
81,fit
82,fit
83,fit
84,fit
85,fit
86,fit
87,fit
88,test
89,test
90,test
91,fit
92,fit
93,fit
94,fit
95,fit
96,fit
97,fit
98,fit
99,fit
100,fit
101,validation
102,fit
103,fit
104,fit
105,validation
106,test
107,fit
108,fit
109,fit
110,test
111,fit
112,test
113,fit
114,fit
115,fit
116,test
117,test
118,fit
119,test
120,fit
121,fit
122,test
123,fit
124,test
125,test
126,fit
127,fit
128,validation
129,validation
130,test
131,validation
132,validation
133,fit
134,fit
135,validation
136,fit
137,test
138,test
139,fit
140,fit
141,test
142,fit
143,fit
144,fit
145,validation
146,fit
147,fit
148,fit
149,fit
150,validation
151,fit
152,fit
153,validation
154,fit
155,fit
156,fit
157,validation
158,fit
159,fit
160,fit
161,test
162,fit
163,fit
164,fit
165,validation
166,validation
167,fit
168,fit
169,test
170,fit
171,fit
172,fit
173,validation
174,validation
175,fit
176,validation
177,fit
178,test
179,fit
180,fit
181,validation
182,fit
183,test
184,validation
185,validation
186,fit
187,validation
188,fit
189,fit
190,validation
191,validation
192,fit
193,fit
194,fit
195,fit
196,test
197,test
198,fit
199,test
200,fit
201,test
202,fit
203,fit
204,fit
205,validation
206,fit
207,fit
208,fit
209,fit
210,fit
211,test
212,fit
213,test
214,fit
215,fit
216,test
217,validation
218,fit
219,fit
220,fit
221,test
222,fit
223,test
224,fit
225,fit
226,test
227,fit
228,fit
229,validation
230,test
231,fit
232,validation
233,test
234,validation
235,validation
236,validation
237,fit
238,validation
239,fit
240,fit
241,fit
242,fit
243,validation
244,test
245,fit
246,fit
247,test
248,fit
249,validation
250,validation
251,fit
252,validation
253,test
254,validation
255,fit
256,fit
257,fit
258,fit
259,fit
260,fit
261,fit
262,fit
263,test
264,fit
265,fit
266,validation
267,fit
268,test
269,fit
270,validation
271,test
272,fit
273,fit
274,fit
275,fit
276,validation
277,fit
278,fit
279,fit
280,fit
281,fit
282,test
283,test
284,fit
285,fit
286,fit
287,fit
288,validation
289,test
290,fit
291,fit
292,fit
293,fit
294,fit
295,fit
296,fit
297,test
298,test
299,test
300,test
